peptide,protein,subprotein,start,end,epitope,subtype
LADQLIHLHY,VIF,,102,111,LY10,B
MHEDIISLW,ENV,GP120,104,112,MW9,B
RRQDILDLWI,NEF,,105,114,RI10,B
KRQEILDLWVY,NEF,,105,115,KY11,"B, C"
RRQDILDLWIY,NEF,,105,115,RY11,B
RRQDILDLWVY,NEF,,105,115,RY11,"B, C"
RQDILDLWI,NEF,,106,114,RI9,B
RQDILDLWIY,NEF,,106,115,RY10,B
GELDRWEKI,GAG,P17,11,19,GI9,B
RQYDQILIEI,POL,PROTEASE,113,122,RI10,B
HTQGYFPDW,NEF,,116,124,HW9,"B, C, CRF02_AG"
HTQGYFPDWQ,NEF,,116,125,HQ10,"B, C"
TQGYFPDWQNY,NEF,,117,127,TY11,"B, C"
REPHNEWTL,VPR,,12,20,RL9,B
YFPDWQNYT,NEF,,120,128,YT9,"A1, B, C"
KLTPLCVTL,ENV,GP120,121,129,KL9,"A, B, C, D"
NSSKVSQNY,GAG,P17,124,132,NY9,B
GKKAIGTVL,POL,PROTEASE,124,132,GL9,"B, C"
KAIGTVLV,POL,PROTEASE,126,133,KV8,"B, C"
QVSQNYPIV,GAG,P17,127,135,QV9,"B, D"
YTPGPGIRY,NEF,,127,135,YY9,"B, C"
TPGPGVRYPL,NEF,,128,137,TL10,"B, C"
WPTVRERM,NEF,,13,20,WM8,B
LVGPTPVNI,POL,PROTEASE,132,140,LI9,"A, B, C, D"
TRYPLTFGW,NEF,,133,141,TW9,B
RYPLTFGW,NEF,,134,141,RW8,"B, C"
VQNLQGQMV,GAG,P24,135,143,VV9,"A1, B, C"
YPLTFGWCF,NEF,,135,143,YF9,"B, C, D"
YPLTFGWCY,NEF,,135,143,YY9,"B, CRF02_AG"
PLTFGWCYKL,NEF,,136,145,PL10,"B, CRF01_AE"
TPVNIIGRNML,POL,PROTEASE,136,146,TL11,C
LTFGWCFKL,NEF,,137,145,LL9,"A, B, C"
LTFGWCFKLV,NEF,,137,146,LV10,B
KAVRLIKFLY,REV,,14,23,KY10,B
HQAISPRTL,GAG,P24,144,152,HL9,"B, C"
QAISPRTLNAW,GAG,P24,145,155,QW11,"B, C"
ISPRTLNAW,GAG,P24,147,155,IW9,"A, A1, B, C, D"
SPRTLNAWV,GAG,P24,148,156,SV9,"A, A1, B, C, CRF02_AG, D"
VKVIEEKAF,GAG,P24,156,164,VF9,"B, C"
KTKPPLPSVKK,VIF,,158,168,KK11,B
IETVPVKL,POL,RT,160,167,IL8,"A, B, CRF02_AG, CRF06_CPX, CRF09_CPX"
EEKAFSPEV,GAG,P24,160,168,EV9,"A, A1, B, C, D"
KAFSPEVI,GAG,P24,162,169,KI8,"A1, B, C"
KAFSPEVIPMF,GAG,P24,162,172,KF11,"A, A1, B, C, CRF02_AG, D, G"
FSPEVIPMF,GAG,P24,164,172,FF9,"A1, B, C"
EVIPMFSAL,GAG,P24,167,175,EL9,"A, B, C, CRF01_AE, D"
VIPMFSAL,GAG,P24,168,175,VL8,"B, C, D"
RIRTWKSLVK,VIF,,17,26,RK10,B
GPKVKQWPL,POL,RT,173,181,GL9,"A, B, C, CRF02_AG, CRF06_CPX, CRF09_CPX, D"
SEGATPQDL,GAG,P24,176,184,SL9,"B, CRF02_AG"
KIRLRPGGK,GAG,P17,18,26,KK9,"A, B, CRF01_AE"
TPQDLNTML,GAG,P24,180,188,TL9,"A, A1, B, C, D, F, G, J, K"
TPYDINQML,GAG,P24,180,188,TL9,"A, CRF02_AG, HIV-2"
VLEWRFDSRL,NEF,,180,189,VL10,"B, CRF01_AE"
WRFDSRLAF,NEF,,183,191,WF9,"A, B"
WRFDSRLAFH,NEF,,183,192,WH10,B
ALVEICTEM,POL,RT,188,196,AM9,"A, B, CRF02_AG, CRF06_CPX, CRF09_CPX"
ALVEICTEMEK,POL,RT,188,198,AK11,B
IRLRPGGKK,GAG,P17,19,27,IK9,B
RMRRAEPAA,NEF,,19,27,RA9,B
GHQAAMQML,GAG,P24,193,201,GL9,"B, C"
EKEGKISKI,POL,RT,197,205,EI9,B
SVITQACPK,ENV,GP120,199,207,SK9,B
EPVDPRLEPW,TAT,,2,11,EW10,B
RLRPGGKKK,GAG,P17,20,28,RK9,"A, A1, B, C, CRF02_AG, MULTIPLE"
RLRPGGKKKY,GAG,P17,20,29,RY10,"A, A1, B, C, D"
KETINEEAA,GAG,P24,202,210,KA9,B
ETINEEAAEW,GAG,P24,203,212,EW10,"A, B, D"
SFEPIPIHY,ENV,GP120,209,217,SY9,"B, D"
AEWDRVHPV,GAG,P24,210,218,AV9,"B, CRF01_AE"
HPVHAGPIA,GAG,P24,216,224,HA9,"B, C, D, F"
GQMREPRGSDI,GAG,P24,226,236,GI11,"B, C, CRF01_AE"
KLVDFRELNK,POL,RT,228,237,KK10,"B, MULTIPLE"
GGKKKYKL,GAG,P17,24,31,GL8,"A, B, CRF02_AG, D"
NSPTRREL,POL,GAG/POL-TF,24,31,NL8,B
GGKKKYKLK,GAG,P17,24,32,GK9,"A1, B, F"
TSTLQEQIGW,GAG,P24,240,249,TW10,"A1, B, C, CRF01_AE"
GIPHPAGLK,POL,RT,248,256,GK9,"B, MULTIPLE"
PPIPVGDIY,GAG,P24,254,262,PY9,"A, B, C, CRF02_AG"
EIYKRWII,GAG,P24,260,267,EI8,B
TVLDVGDAY,POL,RT,262,270,TY9,"B, C"
KRWIILGLNK,GAG,P24,263,272,KK10,"A, A1, B, C, CRF01_AE, CRF02_AG, D"
RRWIQLGLQK,GAG,P24,263,272,RK10,
GLNKIVRMY,GAG,P24,269,277,GY9,"A, B"
VPLDEDFRKY,POL,RT,273,282,VY10,"B, C"
VRMYSPTSI,GAG,P24,274,282,VI9,
VRMYSPVSI,GAG,P24,274,282,VI9,"B, C, F"
RMYSPTSI,GAG,P24,275,282,RI8,"B, F"
KYKLKHIVW,GAG,P17,28,36,KW9,"A1, B, C, CRF01_AE, F"
HMYISKKAK,VIF,,28,36,HK9,B
YTAFTIPSI,POL,RT,282,290,YI9,"B, C"
TAFTIPSI,POL,RT,283,290,TI8,"A, B, C, CRF01_AE, CRF02_AG, CRF06_CPX, CRF09_CPX, D"
EAVRHFPRI,VPR,,29,37,EI9,B
EYRKILRQR,VPU,,29,37,ER9,B
FRDYVDRFF,GAG,P24,293,301,FF9,C
FRDYVDRFYK,GAG,P24,293,302,FK10,"B, D"
RDYVDRFFKTL,GAG,P24,294,304,RL11,A
RDYVDRFYKTL,GAG,P24,294,304,RL11,"B, D"
YVDRFFKTL,GAG,P24,296,304,YL9,"A, B, C, D"
IRYQYNVL,POL,RT,297,304,IL8,C
DRFYKTLRA,GAG,P24,298,306,DA9,"B, D"
RPNNNTRKSI,ENV,GP120,298,307,RI10,"B, C"
CCFHCQVC,TAT,,30,37,CC8,B
AVRHFPRIW,VPR,,30,38,AW9,"B, C"
RAEQASQEV,GAG,P24,305,313,RV9,B
AEQASQDVKNW,GAG,P24,306,316,AW11,"B, C, D"
AEQASQEVKNWM,GAG,P24,306,317,AM12,
QASQEVKNW,GAG,P24,308,316,QW9,"A1, B, D"
AENLWVTVY,ENV,GP120,31,39,AY9,B
ISKKAKGWF,VIF,,31,39,IF9,B
VRHFPRIWL,VPR,,31,39,VL9,"B, C"
AENLWVTVYY,ENV,GP120,31,40,AY10,
HIGPGRAFY,ENV,GP120,310,318,HY9,B
SPAIFQSSM,POL,RT,311,319,SM9,"A, A1, B, C, CRF01_AE, CRF02_AG, CRF06_CPX, CRF09_CPX, D"
RGPGRAFVTI,ENV,GP120,311,320,RI10,"A, B, C"
AIFQSSMTK,POL,RT,313,321,ATK9,"A, B, C, CRF01_AE, CRF02_AG, D, MULTIPLE"
KQNPDIVIY,POL,RT,328,336,KY9,B
KQNPDIVIYQY,POL,RT,328,338,KY11,B
DCKTILKAL,GAG,P24,329,337,DL9,"A1, B"
HLVWASREL,GAG,P17,33,41,HL9,C
HPDIVIYQY,POL,RT,330,338,HY9,"A, B"
NPDIVIYQY,POL,RT,330,338,NQY9,"A1, B, C"
NPEIVIYQY,POL,RT,330,338,NY9,C
VIYQYMDDL,POL,RT,334,342,VL9,"A, B, C, CRF01_AE, D"
FPRIWLHGL,VPR,,34,42,FL9,B
LVWASRELERF,GAG,P17,34,44,LF11,"B, C"
ACQGVGGPGHK,GAG,P24,349,359,AK11,"B, CRF01_AE"
GVGGPGGHK,GAG,,352,359,GK9,
GVGGPGHK,GAG,P24,352,359,GK8,
GPGHKARVL,GAG,P24,355,363,GL9,"B, C, D, F"
IEELRQHLL,POL,RT,357,365,IL9,"A, B, CRF02_AG, CRF06_CPX, CRF09_CPX"
WASRELERF,GAG,P17,36,44,WF9,"B, C, CRF01_AE"
VLAEAMSQV,GAG,P24,362,370,VV9,"A, B, C, D, M"
AEAMSQVTNS,GAG,P2P7P1P6,364,373,AS10,
LEKHGAITS,NEF,,37,45,LS9,B
TVYYGVPVWK,ENV,GP120,37,46,TK10,"A, A1, B, C, D, MULTIPLE"
SFNCGGEFF,ENV,GP120,375,383,SF9,"A, B, C"
SFNCGGEFFY,ENV,GP120,375,384,SY10,B
FNCGGEFFY,ENV,GP120,376,384,FY9,B
FQTKGLGISY,TAT,,38,47,FY10,C
FRNQRKTVK,GAG,P2P7P1P6,383,391,FK9,
ITKGLGISYGR,TAT,,39,49,IR11,B
IVLPEKDSW,POL,RT,399,407,IW9,"A, A1, B, C, CRF02_AG, CRF06_CPX, CRF09_CPX"
CRAPRKKGC,GAG,P2P7P1P6,405,413,CC9,B
LVGKLNWASQIY,POL,RT,415,426,LY12,B
LPCRIKQII,ENV,GP120,416,424,LI9,B
KLNWASQIY,POL,RT,418,426,KIY9,"B, C"
RIKQIINMW,ENV,GP120,419,427,RW9,"A, B, C, CRF02_AG, D"
VPVWKEATTT,ENV,GP120,42,51,VT10,B
VPVWKEATTTL,ENV,GP120,42,52,VL11,B
QIYAGIKVK,POL,RT,424,432,QVK9,"B, C, CRF01_AE"
QIYPGIKVR,POL,RT,424,432,QR9,"B, C"
YPGIKVRQL,POL,RT,426,434,YL9,"B, C"
TERQANFL,GAG,P2P7P1P6,427,434,TL8,"A, B, C, D"
RQANFLGKI,GAG,P2P7P1P6,429,437,RI9,"B, C"
FLGKIWPSYK,GAG,P2P7P1P6,433,442,FK10,"A1, B, C, D"
ILKEPVHGV,POL,RT,464,472,IV9,"A, B, C, CRF02_AG, D"
IKLEPVHGVY,POL,RT,464,473,IY10,B
VYYDPSKDL,POL,RT,472,480,VL9,"B, CRF02_AG"
HPRVSSEVHI,VIF,,48,57,HI10,B
ETYGDTWTGV,VPR,,48,57,EV10,"B, C"
KELYPLTSL,GAG,P2P7P1P6,481,489,KSL9,B
GQGQWTYQI,POL,RT,488,496,GI9,B
IYQEPFKNLK,POL,RT,496,505,IK10,"B, C"
YRLGVGALI,ENV,,511,519,YI9,
RMRGAHTNDV,POL,RT,511,520,RV10,B
RMRGAHTNDVK,POL,RT,511,521,RK11,B
DVKQLTEVV,POL,RT,519,527,DV9,A
LFCASDAKAY,ENV,GP120,52,61,LY10,"A, B"
DTWAGVEAIIR,VPR,,52,62,DR11,B
IAMESIVIW,POL,RT,530,538,IW9,"B, C"
PIQKETWETW,POL,RT,547,556,PW10,B
ISERILSTY,REV,,55,63,IY9,B
RAIEAQQHL,ENV,GP41,557,565,RL9,"A, B, C, D"
RAIEAQQHM,ENV,GP41,557,565,RM9,C
ERILSTYLGR,REV,,57,66,ER10,B
IPLGDAKLII,VIF,,57,66,II10,B
ERYLKDQQL,ENV,GP41,584,592,EL9,"A, A1, B, C, D"
RYLKDQQLL,ENV,GP41,585,593,RL9,"B, C"
YLKDQQLL,ENV,GP41,586,593,YL8,"A, B, CRF01_AE"
ITLWQRPLV,POL,PROTEASE,59,67,IV9,"A, B, C, D"
AIIRILQQL,VPR,,59,67,AL9,B
KAYETEVHNVW,ENV,GP120,59,69,KW11,C
GAETFYVDGA,POL,RT,591,600,GA10,"B, C"
ETFYVDGAANR,POL,RT,593,603,ER11,"A, B, C"
ETKLGKAGY,POL,RT,604,612,EY9,B
TAVPWNASW,ENV,GP41,606,614,TW9,B
YETEVHNVW,ENV,GP120,61,69,YW9,B
RILQQLLFI,VPR,,62,70,RI9,"A, B, C, D, M"
RPLVTIKI,POL,PROTEASE,64,71,RI8,
IVTDSQYAL,POL,RT,650,658,IL9,
VTDSQYALGI,POL,RT,651,660,VI10,B
DSQYALGI,POL,RT,653,660,DI8,
RPAEPVPLQL,REV,,66,75,RL10,"A, B, C, D, F, G"
SAEPVPLQL,REV,,67,75,SL9,B
QIIEQLIKK,POL,RT,675,683,QKK9,"B, CRF01_AE, MULTIPLE"
FPVTPQVPL,NEF,,68,76,FL9,B
FPVTPQVPLR,NEF,,68,77,FR10,B
VFAVLSIVNR,ENV,GP41,698,707,VR10,B
EIIFDIRQAY,ENV,,703,712,EY10,
IVNRNRQGY,ENV,GP41,704,712,IY9,B
GSEELRSLY,GAG,P17,71,79,GY9,B
RPQVPLRPM,NEF,,71,79,RM9,"A1, B, C, CRF06_CPX, D"
TPQVPLRPM,NEF,,71,79,TM9,B
LFLDGIDKA,POL,RT,715,723,LA9,
QVPLRPMTYK,NEF,,73,82,QK10,"A, B, C, CRF01_AE, CRF02_AG, D"
VPLRPMTY,NEF,,74,81,VY8,"A, B, C, D, HIV-2"
ELRSLYNTV,GAG,P17,74,82,EV9,"A1, B, CRF01_AE, F"
LPPVVAKEI,POL,INTEGRASE,743,751,LI9,"B, CRF01_AE"
PLRPMTYK,NEF,,75,82,PK8,B
RSLYNTVATLY,GAG,P17,76,86,RY11,"A1, B, C, F"
LRSLFLFSY,ENV,GP41,760,768,LY9,
SLYNTVATL,GAG,P17,77,85,SL9,"A, A1, B, C, CRF01_AE, CRF02_AG, D, F, G, K"
RPMTYKAAL,NEF,,77,85,RL9,B
RPMTYKAAV,NEF,,77,85,RV9,"B, C, CRF01_AE, CRF02_AG"
RLRDLLLIVTR,ENV,GP41,770,780,RR11,"B, C"
IVTRIVELL,ENV,GP41,777,785,IL9,B
LYNTVATL,GAG,P17,78,85,LL8,"B, D"
DPNPQEVVL,ENV,GP120,78,86,DL9,"A1, B, C"
LYNTVATLY,GAG,P17,78,86,LY9,"B, C"
THLEGKIIL,POL,INTEGRASE,781,789,TL9,"B, C"
GRRGWEALKY,ENV,GP41,786,795,GY10,B
RRGWEVLKY,ENV,GP41,787,795,RY9,B
WHLGHVSI,VIF,,79,87,WI8,B
WHLGQGVSI,VIF,,79,87,WI9,B
KYCWNLLQY,ENV,GP41,794,802,KQY9,B
QELKNSAVSL,ENV,GP41,805,814,QL10,B
SLLNATAIAV,ENV,GP41,813,822,SAV10,"B, CRF01_AE"
SLLNATDIAV,ENV,GP41,813,822,SV10,B
KAAVDLSHFL,NEF,,82,91,KL10,B
AAVDLSHFL,NEF,,83,91,AL9,"A1, B, CRF01_AE, CRF02_AG"
GAFDLSFFL,NEF,,83,91,GL9,"B, C"
EVAQRAYR,ENV,GP41,831,838,ER8,B
STTVKAACWW,POL,INTEGRASE,838,847,SW10,B
TLYCVHQK,GAG,P17,84,91,TK8,
TLYCVHQRI,GAG,P17,84,92,TI9,"B, F"
AVDLSHFLK,NEF,,84,92,ALK9,"A, A1, B, CRF01_AE, CRF02_AG, D, F"
IPRRIRQGL,ENV,GP41,843,851,IL9,"A, A1, B, C, CRF01_AE, D"
RIRQGLERA,ENV,GP41,846,854,RA9,B
RQGLERALL,ENV,GP41,848,856,RL9,B
IQQEFGIPY,POL,INTEGRASE,850,858,IY9,"B, C"
DTVLEEMNL,POL,PROTEASE,86,94,DL9,"A, B, CRF02_AG, CRF06_CPX, CRF09_CPX"
DTVLEEWNL,POL,PROTEASE,86,94,DWL9,D
VRDQAEHL,POL,INTEGRASE,880,887,VL8,C
KTAVQMAVF,POL,INTEGRASE,888,896,KF9,"B, C"
AVFIHNFKRK,POL,INTEGRASE,894,903,AK10,"B, CRF01_AE, MULTIPLE"
FLKEKGGL,NEF,,90,97,FL8,"A, B, C, CRF01_AE, CRF02_AG, D, F, G, H"
EEMNLPGRW,POL,PROTEASE,90,98,EW9,"B, C, D"
FKRKGGIGGY,POL,INTEGRASE,900,909,FY10,"A1, B, C"
KRKGGIGGY,POL,INTEGRASE,901,909,KY9,"B, C"
IIATDIQTK,POL,INTEGRASE,918,926,IK9,B
KEKGGLEGL,NEF,,92,100,KL9,"A, B, C, CRF01_AE, D, F, G, H"
IEIKDTKEAL,GAG,P17,92,101,IL10,"B, F"
ATDIQTKEL,POL,INTEGRASE,920,928,AL9,
KIQNFRVYY,POL,INTEGRASE,934,942,KYY9,"A, B, C, CRF01_AE, CRF02_AG, D"
VPRRKAKII,POL,INTEGRASE,975,983,VI9,B
RKAKIIRDY,POL,INTEGRASE,978,986,RY9,"B, C"
