Sequence,Protein,"HXB2
Coord",Epitope,"Controllers
(N=245)",,"Progressors
(N=96)",,"EC
(N=97)",,"VC
(N=148)",,"Bootstrap 
Frequency",Sequence Entropy,Structural Entropy
LADQLIHLHY,Vif,102-111,LY10,26,11%,20,21%,9,9%,17,11%,0.18,0.24,n.a.
MHEDIISLW,Env,104-112,MW9,10,4%,5,5%,3,3%,7,5%,0.08,0.14,1.83
RRQDILDLWI,Nef,105-114,RI10,34,14%,16,17%,10,10%,24,16%,0.02,0.26,2.01
KRQEILDLWVY,Nef,105-115,KY11,65,27%,30,31%,26,27%,39,26%,0.14,0.25,1.96
RRQDILDLWIY,Nef,105-115,RY11,40,16%,26,27%,11,11%,29,20%,0.24,0.25,1.96
RRQDILDLWVY,Nef,105-115,RY11,40,16%,29,30%,11,11%,29,20%,0.51,0.25,1.96
RQDILDLWI,Nef,106-114,RI9,20,8%,11,11%,7,7%,13,9%,0.15,0.18,1.93
RQDILDLWIY,Nef,106-115,RY10,43,18%,28,29%,10,10%,33,22%,0.34,0.18,1.89
GELDRWEKI,Gag,11-19,GI9,15,6%,5,5%,3,3%,12,8%,0.35,0.33,2.56
RQYDQILIEI,Pol,113-122,RI10,12,5%,5,5%,2,2%,10,7%,0.19,0.40,1.89
HTQGYFPDW,Nef,116-124,HW9,68,28%,13,14%,27,28%,41,28%,0.74,0.13,1.44
HTQGYFPDWQ,Nef,116-125,HQ10,67,27%,14,15%,30,31%,37,25%,0.27,0.15,1.38
TQGYFPDWQNY,Nef,117-127,TY11,41,17%,21,22%,13,13%,28,19%,0.03,0.12,1.29
REPHNEWTL,Vpr,12-20,RL9,8,3%,13,14%,2,2%,6,4%,0.44,0.28,n.a.
YFPDWQNYT,Nef,120-128,YT9,60,24%,37,39%,16,16%,44,30%,0.45,0.14,1.33
KLTPLCVTL,Env,121-129,KL9,10,4%,7,7%,4,4%,6,4%,0.15,0.10,n.a.
NSSKVSQNY,Gag,124-132,NY9,2,1%,2,2%,1,1%,1,1%,0.14,0.47,n.a.
GKKAIGTVL,Pol,124-132,GL9,2,1%,1,1%,1,1%,1,1%,0.17,0.22,1.75
KAIGTVLV,Pol,126-133,KV8,13,5%,5,5%,3,3%,10,7%,0.06,0.26,1.52
QVSQNYPIV,Gag,127-135,QV9,6,2%,1,1%,3,3%,3,2%,0.23,0.20,n.a.
YTPGPGIRY,Nef,127-135,YY9,16,7%,13,14%,4,4%,12,8%,0.51,0.25,1.73
TPGPGVRYPL,Nef,128-137,TL10,13,5%,13,14%,4,4%,9,6%,0.26,0.23,1.65
WPTVRERM,Nef,13-20,WM8,4,2%,1,1%,0,0%,4,3%,0.11,0.63,n.a.
LVGPTPVNI,Pol,132-140,LI9,7,3%,4,4%,1,1%,6,4%,0.11,0.11,1.64
TRYPLTFGW,Nef,133-141,TW9,64,26%,42,44%,18,19%,46,31%,0.33,0.29,1.37
RYPLTFGW,Nef,134-141,RW8,47,19%,26,27%,17,18%,30,20%,0.15,0.17,1.23
VQNLQGQMV,Gag,135-143,VV9,12,5%,4,4%,5,5%,7,5%,0.18,0.15,1.41
YPLTFGWCF,Nef,135-143,YF9,77,31%,36,38%,23,24%,54,36%,0.04,0.18,1.21
YPLTFGWCY,Nef,135-143,YY9,65,27%,33,34%,21,22%,44,30%,0.03,0.18,1.21
PLTFGWCYKL,Nef,136-145,PL10,51,21%,34,35%,16,16%,35,24%,0.29,0.09,1.17
TPVNIIGRNML,Pol,136-146,TL11,5,2%,4,4%,0,0%,5,3%,0.02,0.06,1.59
LTFGWCFKL,Nef,137-145,LL9,13,5%,13,14%,5,5%,8,5%,0.27,0.10,1.29
LTFGWCFKLV,Nef,137-146,LV10,13,5%,11,11%,3,3%,10,7%,0.05,0.10,1.40
KAVRLIKFLY,Rev,14-23,KY10,51,21%,24,25%,18,19%,33,22%,0.05,0.58,1.16
HQAISPRTL,Gag,144-152,HL9,26,11%,8,8%,9,9%,17,11%,0.03,0.21,1.48
QAISPRTLNAW,Gag,145-155,QW11,89,36%,13,14%,32,33%,57,39%,0.60,0.17,1.27
ISPRTLNAW,Gag,147-155,IW9,79,32%,17,18%,28,29%,51,34%,0.02,0.12,1.03
SPRTLNAWV,Gag,148-156,SV9,26,11%,10,10%,6,6%,20,14%,0.15,0.05,1.12
VKVIEEKAF,Gag,156-164,VF9,10,4%,6,6%,1,1%,9,6%,0.08,0.10,1.65
KTKPPLPSVKK,Vif,158-168,KK11,12,5%,10,10%,4,4%,8,5%,0.25,0.39,n.a.
IETVPVKL,Pol,160-167,IL8,15,6%,10,10%,2,2%,13,9%,0.05,0.09,2.24
EEKAFSPEV,Gag,160-168,EV9,28,11%,10,10%,5,5%,23,16%,0.16,0.06,1.18
KAFSPEVI,Gag,162-169,KI8,10,4%,1,1%,5,5%,5,3%,0.08,0.07,0.84
KAFSPEVIPMF,Gag,162-172,KF11,91,37%,12,13%,36,37%,55,37%,0.95,0.06,0.71
FSPEVIPMF,Gag,164-172,FF9,25,10%,3,3%,7,7%,18,12%,0.24,0.05,0.38
EVIPMFSAL,Gag,167-175,EL9,23,9%,11,11%,9,9%,14,9%,0.06,0.14,0.55
VIPMFSAL,Gag,168-175,VL8,14,6%,9,9%,6,6%,8,5%,0.12,0.15,0.62
RIRTWKSLVK,Vif,17-26,RK10,25,10%,12,13%,11,11%,14,9%,0.25,0.23,n.a.
GPKVKQWPL,Pol,173-181,GL9,5,2%,1,1%,0,0%,5,3%,0.03,0.07,1.67
SEGATPQDL,Gag,176-184,SL9,25,10%,21,22%,5,5%,20,14%,0.43,0.06,0.96
KIRLRPGGK,Gag,18-26,KK9,38,16%,11,11%,16,16%,22,15%,0.09,0.14,2.74
TPQDLNTML,Gag,180-188,TL9,47,19%,24,25%,13,13%,34,23%,0.05,0.04,0.89
TPYDINQML,Gag,180-188,TL9,2,1%,1,1%,1,1%,1,1%,0.31,0.04,0.89
VLEWRFDSRL,Nef,180-189,VL10,6,2%,4,4%,0,0%,6,4%,0.07,0.36,1.83
WRFDSRLAF,Nef,183-191,WF9,25,10%,10,10%,8,8%,17,11%,0.06,0.26,1.83
WRFDSRLAFH,Nef,183-192,WH10,25,10%,8,8%,9,9%,16,11%,0.13,0.32,1.92
ALVEICTEM,Pol,188-196,AM9,10,4%,5,5%,1,1%,9,6%,0.14,0.16,2.19
ALVEICTEMEK,Pol,188-198,AK11,16,7%,9,9%,5,5%,11,7%,0.05,0.15,2.28
IRLRPGGKK,Gag,19-27,IK9,59,24%,20,21%,25,26%,34,23%,0.11,0.10,2.74
RMRRAEPAA,Nef,19-27,RA9,7,3%,3,3%,2,2%,5,3%,0.08,0.50,n.a.
GHQAAMQML,Gag,193-201,GL9,23,9%,7,7%,12,12%,11,7%,0.20,0.03,0.78
EKEGKISKI,Pol,197-205,EI9,28,11%,18,19%,7,7%,21,14%,0.19,0.09,2.18
SVITQACPK,Env,199-207,SK9,13,5%,4,4%,4,4%,9,6%,0.48,0.18,2.50
EPVDPRLEPW,Tat,2-11,EW10,17,7%,8,8%,7,7%,10,7%,0.02,0.16,2.68
RLRPGGKKK,Gag,20-28,RK9,46,19%,15,16%,21,22%,25,17%,0.16,0.20,2.84
RLRPGGKKKY,Gag,20-29,RY10,61,25%,26,27%,28,29%,33,22%,0.05,0.19,2.73
KETINEEAA,Gag,202-210,KA9,11,4%,7,7%,2,2%,9,6%,0.06,0.05,1.71
ETINEEAAEW,Gag,203-212,EW10,36,15%,17,18%,8,8%,28,19%,0.07,0.07,1.59
SFEPIPIHY,Env,209-217,SY9,8,3%,11,11%,2,2%,6,4%,0.65,0.15,1.97
AEWDRVHPV,Gag,210-218,AV9,18,7%,8,8%,4,4%,14,9%,0.06,0.15,1.89
HPVHAGPIA,Gag,216-224,HA9,56,23%,22,23%,27,28%,29,20%,0.30,0.24,2.59
GQMREPRGSDI,Gag,226-236,GI11,11,4%,4,4%,4,4%,7,5%,0.03,0.08,1.15
KLVDFRELNK,Pol,228-237,KK10,6,2%,6,6%,1,1%,5,3%,0.02,0.02,1.71
GGKKKYKL,Gag,24-31,GL8,14,6%,2,2%,1,1%,13,9%,0.44,0.34,2.75
NSPTRREL,Pol,24-31,NL8,5,2%,1,1%,3,3%,2,1%,0.27,0.39,n.a.
GGKKKYKLK,Gag,24-32,GK9,6,2%,0,0%,1,1%,5,3%,0.45,0.31,2.77
TSTLQEQIGW,Gag,240-249,TW10,49,20%,9,9%,28,29%,21,14%,0.04,0.15,1.08
GIPHPAGLK,Pol,248-256,GK9,18,7%,3,3%,5,5%,13,9%,0.75,0.06,1.30
PPIPVGDIY,Gag,254-262,PY9,4,2%,2,2%,1,1%,3,2%,0.09,0.11,0.52
EIYKRWII,Gag,260-267,EI8,18,7%,14,15%,2,2%,16,11%,0.18,0.12,0.87
TVLDVGDAY,Pol,262-270,TY9,10,4%,11,11%,1,1%,9,6%,0.06,0.02,1.72
KRWIILGLNK,Gag,263-272,KK10,32,13%,12,13%,17,18%,15,10%,0.03,0.12,1.16
RRWIQLGLQK,Gag,263-272,RK10,6,2%,3,3%,0,0%,6,4%,0.05,0.12,1.16
GLNKIVRMY,Gag,269-277,GY9,30,12%,22,23%,10,10%,20,14%,0.12,0.03,0.82
VPLDEDFRKY,Pol,273-282,VY10,13,5%,13,14%,2,2%,11,7%,0.28,0.22,1.84
VRMYSPTSI,Gag,274-282,VI9,18,7%,5,5%,7,7%,11,7%,0.28,0.13,1.26
VRMYSPVSI,Gag,274-282,VI9,13,5%,9,9%,4,4%,9,6%,0.17,0.13,1.26
RMYSPTSI,Gag,275-282,RI8,8,3%,3,3%,4,4%,4,3%,0.15,0.14,1.35
KYKLKHIVW,Gag,28-36,KW9,23,9%,16,17%,3,3%,20,14%,0.05,0.33,2.67
HMYISKKAK,Vif,28-36,HK9,6,2%,4,4%,3,3%,3,2%,0.13,0.50,n.a.
YTAFTIPSI,Pol,282-290,YI9,23,9%,7,7%,7,7%,16,11%,0.41,0.13,1.45
TAFTIPSI,Pol,283-290,TI8,35,14%,17,18%,9,9%,26,18%,0.06,0.14,1.43
EAVRHFPRI,Vpr,29-37,EI9,49,20%,22,23%,18,19%,31,21%,0.07,0.30,n.a.
EYRKILRQR,Vpu,29-37,ER9,24,10%,20,21%,6,6%,18,12%,0.04,0.29,n.a.
FRDYVDRFF,Gag,293-301,FF9,42,17%,22,23%,11,11%,31,21%,0.07,0.01,1.01
FRDYVDRFYK,Gag,293-302,FK10,11,4%,7,7%,3,3%,8,5%,0.20,0.03,1.09
RDYVDRFFKTL,Gag,294-304,RL11,7,3%,9,9%,2,2%,5,3%,0.11,0.04,1.16
RDYVDRFYKTL,Gag,294-304,RL11,10,4%,8,8%,3,3%,7,5%,0.04,0.04,1.16
YVDRFFKTL,Gag,296-304,YL9,17,7%,8,8%,3,3%,14,9%,0.09,0.05,0.97
IRYQYNVL,Pol,297-304,IL8,18,7%,6,6%,5,5%,13,9%,0.04,0.06,1.53
DRFYKTLRA,Gag,298-306,DA9,18,7%,9,9%,6,6%,12,8%,0.10,0.05,1.03
RPNNNTRKSI,Env,298-307,RI10,21,9%,10,10%,8,8%,13,9%,0.05,0.41,n.a.
CCFHCQVC,Tat,30-37,CC8,12,5%,2,2%,5,5%,7,5%,0.50,0.24,1.58
AVRHFPRIW,Vpr,30-38,AW9,41,17%,19,20%,14,14%,27,18%,0.02,0.29,n.a.
RAEQASQEV,Gag,305-313,RV9,16,7%,13,14%,3,3%,13,9%,0.68,0.14,1.66
AEQASQDVKNW,Gag,306-316,AW11,81,33%,37,39%,33,34%,48,32%,0.41,0.13,1.85
AEQASQEVKNWM,Gag,306-317,AM12,60,24%,28,29%,23,24%,37,25%,0.32,0.12,1.84
QASQEVKNW,Gag,308-316,QW9,56,23%,14,15%,25,26%,31,21%,0.03,0.16,1.87
AENLWVTVY,Env,31-39,AY9,12,5%,9,9%,1,1%,11,7%,0.06,0.55,2.94
ISKKAKGWF,Vif,31-39,IF9,46,19%,19,20%,19,20%,27,18%,0.18,0.69,n.a.
VRHFPRIWL,Vpr,31-39,VL9,48,20%,23,24%,16,16%,32,22%,0.03,0.29,n.a.
AENLWVTVYY,Env,31-40,AY10,10,4%,9,9%,1,1%,9,6%,0.06,0.49,2.93
HIGPGRAFY,Env,310-318,HY9,3,1%,9,9%,0,0%,3,2%,0.26,0.76,n.a.
SPAIFQSSM,Pol,311-319,SM9,21,9%,12,13%,5,5%,16,11%,0.10,0.11,1.56
RGPGRAFVTI,Env,311-320,RI10,34,14%,8,8%,16,16%,18,12%,0.41,0.67,n.a.
AIFQSSMTK,Pol,313-321,ATK9,24,10%,15,16%,10,10%,14,9%,0.49,0.16,2.02
KQNPDIVIY,Pol,328-336,KY9,16,7%,16,17%,4,4%,12,8%,0.08,0.26,2.25
KQNPDIVIYQY,Pol,328-338,KY11,21,9%,23,24%,5,5%,16,11%,0.68,0.21,2.24
DCKTILKAL,Gag,329-337,DL9,12,5%,9,9%,1,1%,11,7%,0.32,0.06,1.61
HLVWASREL,Gag,33-41,HL9,36,15%,22,23%,12,12%,24,16%,0.08,0.12,2.50
HPDIVIYQY,Pol,330-338,HY9,9,4%,9,9%,4,4%,5,3%,0.14,0.20,2.10
NPDIVIYQY,Pol,330-338,NQY9,13,5%,10,10%,4,4%,9,6%,0.02,0.20,2.10
NPEIVIYQY,Pol,330-338,NY9,25,10%,15,16%,7,7%,18,12%,0.11,0.20,2.10
VIYQYMDDL,Pol,334-342,VL9,17,7%,11,11%,4,4%,13,9%,0.06,0.07,1.99
FPRIWLHGL,Vpr,34-42,FL9,30,12%,12,13%,8,8%,22,15%,0.24,0.40,n.a.
LVWASRELERF,Gag,34-44,LF11,34,14%,14,15%,9,9%,25,17%,0.05,0.11,2.56
ACQGVGGPGHK,Gag,349-359,AK11,20,8%,10,10%,8,8%,12,8%,0.08,0.07,n.a.
GVGGPGGHK,Gag,352-359,GK9,4,2%,2,2%,2,2%,2,1%,0.15,0.09,n.a.
GVGGPGHK,Gag,352-359,GK8,3,1%,4,4%,1,1%,2,1%,0.15,0.09,n.a.
GPGHKARVL,Gag,355-363,GL9,12,5%,6,6%,3,3%,9,6%,0.13,0.14,n.a.
IEELRQHLL,Pol,357-365,IL9,10,4%,6,6%,5,5%,5,3%,0.10,0.19,2.01
WASRELERF,Gag,36-44,WF9,49,20%,28,29%,13,13%,36,24%,0.09,0.05,2.56
VLAEAMSQV,Gag,362-370,VV9,17,7%,11,11%,6,6%,11,7%,0.04,0.20,n.a.
AEAMSQVTNS,Gag,364-373,AS10,27,11%,7,7%,5,5%,22,15%,0.64,0.46,n.a.
LEKHGAITS,Nef,37-45,LS9,4,2%,1,1%,1,1%,3,2%,0.24,0.44,n.a.
TVYYGVPVWK,Env,37-46,TK10,20,8%,13,14%,4,4%,16,11%,0.37,0.05,2.63
SFNCGGEFF,Env,375-383,SF9,38,16%,15,16%,13,13%,25,17%,0.05,0.19,1.19
SFNCGGEFFY,Env,375-384,SY10,41,17%,25,26%,15,15%,26,18%,0.18,0.18,1.11
FNCGGEFFY,Env,376-384,FY9,17,7%,18,19%,6,6%,11,7%,0.32,0.13,1.14
FQTKGLGISY,Tat,38-47,FY10,20,8%,12,13%,9,9%,11,7%,0.43,0.36,2.12
FRNQRKTVK,Gag,383-391,FK9,4,2%,2,2%,0,0%,4,3%,0.12,0.56,n.a.
ITKGLGISYGR,Tat,39-49,IR11,71,29%,31,32%,23,24%,48,32%,0.06,0.33,2.29
IVLPEKDSW,Pol,399-407,IW9,35,14%,6,6%,18,19%,17,11%,0.13,0.29,2.03
CRAPRKKGC,Gag,405-413,CC9,6,2%,3,3%,1,1%,5,3%,0.11,0.14,n.a.
LVGKLNWASQIY,Pol,415-426,LY12,21,9%,19,20%,4,4%,17,11%,0.61,0.02,1.78
LPCRIKQII,Env,416-424,LI9,22,9%,11,11%,7,7%,15,10%,0.09,0.29,1.96
KLNWASQIY,Pol,418-426,KIY9,25,10%,21,22%,7,7%,18,12%,0.10,0.02,1.89
RIKQIINMW,Env,419-427,RW9,55,22%,8,8%,26,27%,29,20%,0.51,0.32,2.14
VPVWKEATTT,Env,42-51,VT10,21,9%,15,16%,4,4%,17,11%,0.33,0.19,2.60
VPVWKEATTTL,Env,42-52,VL11,11,4%,11,11%,4,4%,7,5%,0.52,0.17,2.44
QIYAGIKVK,Pol,424-432,QVK9,28,11%,6,6%,12,12%,16,11%,0.15,0.25,2.35
QIYPGIKVR,Pol,424-432,QR9,17,7%,8,8%,7,7%,10,7%,0.07,0.25,2.35
YPGIKVRQL,Pol,426-434,YL9,65,27%,25,26%,26,27%,39,26%,0.07,0.27,2.20
TERQANFL,Gag,427-434,TL8,19,8%,5,5%,6,6%,13,9%,0.09,0.17,n.a.
RQANFLGKI,Gag,429-437,RI9,15,6%,2,2%,7,7%,8,5%,0.34,0.10,n.a.
FLGKIWPSYK,Gag,433-442,FK10,54,22%,26,27%,19,20%,35,24%,0.06,0.20,n.a.
ILKEPVHGV,Pol,464-472,IV9,26,11%,22,23%,3,3%,23,16%,0.54,0.13,2.19
IKLEPVHGVY,Pol,464-473,IY10,39,16%,32,33%,6,6%,33,22%,0.76,0.12,2.20
VYYDPSKDL,Pol,472-480,VL9,0,0%,1,1%,0,0%,0,0%,0.21,0.14,1.93
HPRVSSEVHI,Vif,48-57,HI10,31,13%,19,20%,8,8%,23,16%,0.09,0.23,n.a.
ETYGDTWTGV,Vpr,48-57,EV10,17,7%,9,9%,7,7%,10,7%,0.11,0.19,n.a.
KELYPLTSL,Gag,481-489,KSL9,10,4%,11,11%,2,2%,8,5%,0.13,0.40,n.a.
GQGQWTYQI,Pol,488-496,GI9,8,3%,1,1%,3,3%,5,3%,0.43,0.29,1.57
IYQEPFKNLK,Pol,496-505,IK10,28,11%,21,22%,9,9%,19,13%,0.44,0.10,2.07
YRLGVGALI,Env,511-519,YI9,3,1%,1,1%,1,1%,2,1%,0.00,0.44,n.a.
RMRGAHTNDV,Pol,511-520,RV10,12,5%,10,10%,6,6%,6,4%,0.05,0.26,n.a.
RMRGAHTNDVK,Pol,511-521,RK11,19,8%,3,3%,3,3%,16,11%,0.48,0.27,n.a.
DVKQLTEVV,Pol,519-527,DV9,1,0%,1,1%,0,0%,1,1%,0.20,0.14,1.88
LFCASDAKAY,Env,52-61,LY10,17,7%,17,18%,1,1%,16,11%,0.43,0.13,2.26
DTWAGVEAIIR,Vpr,52-62,DR11,18,7%,11,11%,3,3%,15,10%,0.07,0.26,n.a.
IAMESIVIW,Pol,530-538,IW9,66,27%,25,26%,20,21%,46,31%,0.18,0.31,1.54
PIQKETWETW,Pol,547-556,PW10,36,15%,13,14%,10,10%,26,18%,0.07,0.20,1.93
ISERILSTY,Rev,55-63,IY9,9,4%,3,3%,4,4%,5,3%,0.13,0.86,1.90
RAIEAQQHL,Env,557-565,RL9,24,10%,19,20%,6,6%,18,12%,0.33,0.20,n.a.
RAIEAQQHM,Env,557-565,RM9,19,8%,16,17%,5,5%,14,9%,0.07,0.20,n.a.
ERILSTYLGR,Rev,57-66,ER10,30,12%,16,17%,12,12%,18,12%,0.27,0.73,2.05
IPLGDAKLII,Vif,57-66,II10,23,9%,15,16%,6,6%,17,11%,0.06,0.39,n.a.
ERYLKDQQL,Env,584-592,EL9,22,9%,10,10%,4,4%,18,12%,0.05,0.19,n.a.
RYLKDQQLL,Env,585-593,RL9,27,11%,18,19%,6,6%,21,14%,0.23,0.20,n.a.
YLKDQQLL,Env,586-593,YL8,9,4%,5,5%,3,3%,6,4%,0.11,0.21,n.a.
ITLWQRPLV,Pol,59-67,IV9,8,3%,7,7%,2,2%,6,4%,0.12,0.06,2.01
AIIRILQQL,Vpr,59-67,AL9,20,8%,17,18%,8,8%,12,8%,0.49,0.30,n.a.
KAYETEVHNVW,Env,59-69,KW11,24,10%,15,16%,10,10%,14,9%,0.64,0.38,2.24
GAETFYVDGA,Pol,591-600,GA10,20,8%,16,17%,7,7%,13,9%,0.53,0.04,2.04
ETFYVDGAANR,Pol,593-603,ER11,38,16%,13,14%,8,8%,30,20%,0.07,0.07,2.17
ETKLGKAGY,Pol,604-612,EY9,9,4%,5,5%,4,4%,5,3%,0.10,0.18,2.06
TAVPWNASW,Env,606-614,TW9,13,5%,4,4%,3,3%,10,7%,0.09,0.32,n.a.
YETEVHNVW,Env,61-69,YW9,21,9%,12,13%,7,7%,14,9%,0.08,0.38,2.10
RILQQLLFI,Vpr,62-70,RI9,41,17%,18,19%,11,11%,30,20%,0.13,0.24,n.a.
RPLVTIKI,Pol,64-71,RI8,15,6%,18,19%,4,4%,11,7%,0.97,0.32,1.72
IVTDSQYAL,Pol,650-658,IL9,15,6%,8,8%,3,3%,12,8%,0.13,0.05,2.26
VTDSQYALGI,Pol,651-660,VI10,30,12%,11,11%,8,8%,22,15%,0.06,0.04,2.33
DSQYALGI,Pol,653-660,DI8,9,4%,5,5%,5,5%,4,3%,0.02,0.04,2.38
RPAEPVPLQL,Rev,66-75,RL10,6,2%,6,6%,0,0%,6,4%,0.35,0.39,n.a.
SAEPVPLQL,Rev,67-75,SL9,9,4%,1,1%,4,4%,5,3%,0.63,0.42,n.a.
QIIEQLIKK,Pol,675-683,QKK9,11,4%,9,9%,2,2%,9,6%,0.08,0.15,2.43
FPVTPQVPL,Nef,68-76,FL9,3,1%,4,4%,1,1%,2,1%,0.41,0.11,n.a.
FPVTPQVPLR,Nef,68-77,FR10,7,3%,3,3%,3,3%,4,3%,0.17,0.10,n.a.
VFAVLSIVNR,Env,698-707,VR10,20,8%,13,14%,11,11%,9,6%,0.08,0.38,n.a.
EIIFDIRQAY,Env,703-712,EY10,2,1%,2,2%,1,1%,1,1%,0.20,0.19,n.a.
IVNRNRQGY,Env,704-712,IY9,5,2%,7,7%,2,2%,3,2%,0.06,0.19,n.a.
GSEELRSLY,Gag,71-79,GY9,10,4%,7,7%,2,2%,8,5%,0.20,0.27,n.a.
RPQVPLRPM,Nef,71-79,RM9,26,11%,20,21%,6,6%,20,14%,0.05,0.11,1.66
TPQVPLRPM,Nef,71-79,TM9,13,5%,10,10%,4,4%,9,6%,0.08,0.11,1.66
LFLDGIDKA,Pol,715-723,LA9,3,1%,5,5%,2,2%,1,1%,0.32,0.07,n.a.
QVPLRPMTYK,Nef,73-82,QK10,48,20%,24,25%,13,13%,35,24%,0.04,0.13,1.84
VPLRPMTY,Nef,74-81,VY8,23,9%,21,22%,7,7%,16,11%,0.67,0.12,1.61
ELRSLYNTV,Gag,74-82,EV9,11,4%,8,8%,3,3%,8,5%,0.16,0.35,n.a.
LPPVVAKEI,Pol,743-751,LI9,31,13%,20,21%,8,8%,23,16%,0.03,0.15,n.a.
PLRPMTYK,Nef,75-82,PK8,1,0%,5,5%,1,1%,0,0%,0.46,0.15,1.74
RSLYNTVATLY,Gag,76-86,RY11,95,39%,47,49%,30,31%,65,44%,0.06,0.34,2.18
LRSLFLFSY,Env,760-768,LY9,10,4%,13,14%,3,3%,7,5%,0.60,0.24,n.a.
SLYNTVATL,Gag,77-85,SL9,49,20%,30,31%,13,13%,36,24%,0.59,0.31,2.12
RPMTYKAAL,Nef,77-85,RL9,10,4%,10,10%,1,1%,9,6%,0.04,0.35,1.75
RPMTYKAAV,Nef,77-85,RV9,9,4%,12,13%,2,2%,7,5%,0.84,0.35,1.75
RLRDLLLIVTR,Env,770-780,RR11,35,14%,12,13%,14,14%,21,14%,0.75,0.30,n.a.
IVTRIVELL,Env,777-785,IL9,5,2%,4,4%,3,3%,2,1%,0.44,0.40,n.a.
LYNTVATL,Gag,78-85,LL8,26,11%,16,17%,7,7%,19,13%,0.02,0.35,2.04
DPNPQEVVL,Env,78-86,DL9,15,6%,10,10%,5,5%,10,7%,0.07,0.44,2.66
LYNTVATLY,Gag,78-86,LY9,21,9%,17,18%,7,7%,14,9%,0.22,0.33,2.03
THLEGKIIL,Pol,781-789,TL9,6,2%,7,7%,2,2%,4,3%,0.56,0.13,1.83
GRRGWEALKY,Env,786-795,GY10,20,8%,11,11%,5,5%,15,10%,0.09,0.29,n.a.
RRGWEVLKY,Env,787-795,RY9,14,6%,5,5%,4,4%,10,7%,0.02,0.32,n.a.
WHLGHVSI,Vif,79-87,WI8,8,3%,4,4%,4,4%,4,3%,0.07,0.09,n.a.
WHLGQGVSI,Vif,79-87,WI9,36,15%,21,22%,9,9%,27,18%,0.13,0.09,n.a.
KYCWNLLQY,Env,794-802,KQY9,9,4%,19,20%,1,1%,8,5%,0.86,0.23,n.a.
QELKNSAVSL,Env,805-814,QL10,9,4%,13,14%,4,4%,5,3%,0.89,0.24,n.a.
SLLNATAIAV,Env,813-822,SAV10,24,10%,17,18%,8,8%,16,11%,0.24,0.35,n.a.
SLLNATDIAV,Env,813-822,SV10,5,2%,4,4%,1,1%,4,3%,0.08,0.35,n.a.
KAAVDLSHFL,Nef,82-91,KL10,49,20%,27,28%,20,21%,29,20%,0.09,0.32,1.81
AAVDLSHFL,Nef,83-91,AL9,48,20%,33,34%,13,13%,35,24%,0.45,0.33,1.70
GAFDLSFFL,Nef,83-91,GL9,11,4%,12,13%,3,3%,8,5%,0.39,0.33,1.70
EVAQRAYR,Env,831-838,ER8,3,1%,4,4%,0,0%,3,2%,0.22,0.86,n.a.
STTVKAACWW,Pol,838-847,SW10,40,16%,9,9%,17,18%,23,16%,0.02,0.23,n.a.
TLYCVHQK,Gag,84-91,TK8,11,4%,7,7%,4,4%,7,5%,0.10,0.34,2.19
TLYCVHQRI,Gag,84-92,TI9,10,4%,5,5%,5,5%,5,3%,0.07,0.31,2.24
AVDLSHFLK,Nef,84-92,ALK9,38,16%,23,24%,11,11%,27,18%,0.12,0.28,1.78
IPRRIRQGL,Env,843-851,IL9,15,6%,9,9%,4,4%,11,7%,0.05,0.23,n.a.
RIRQGLERA,Env,846-854,RA9,14,6%,3,3%,2,2%,12,8%,0.17,0.22,n.a.
RQGLERALL,Env,848-856,RL9,18,7%,9,9%,4,4%,14,9%,0.06,0.26,n.a.
IQQEFGIPY,Pol,850-858,IY9,4,2%,7,7%,1,1%,3,2%,0.55,0.08,2.35
DTVLEEMNL,Pol,86-94,DL9,0,0%,2,2%,0,0%,0,0%,0.00,0.32,1.83
DTVLEEWNL,Pol,86-94,DWL9,14,6%,17,18%,5,5%,9,6%,0.51,0.32,1.83
VRDQAEHL,Pol,880-887,VL8,11,4%,7,7%,5,5%,6,4%,0.10,0.06,n.a.
KTAVQMAVF,Pol,888-896,KF9,25,10%,10,10%,6,6%,19,13%,0.04,0.06,1.68
AVFIHNFKRK,Pol,894-903,AK10,45,18%,20,21%,14,14%,31,21%,0.04,0.08,1.92
FLKEKGGL,Nef,90-97,FL8,56,23%,17,18%,21,22%,35,24%,0.13,0.15,2.22
EEMNLPGRW,Pol,90-98,EW9,22,9%,12,13%,11,11%,11,7%,0.05,0.38,2.13
FKRKGGIGGY,Pol,900-909,FY10,30,12%,8,8%,13,13%,17,11%,0.02,0.08,2.10
KRKGGIGGY,Pol,901-909,KY9,29,12%,7,7%,13,13%,16,11%,0.37,0.08,2.06
IIATDIQTK,Pol,918-926,IK9,0,0%,1,1%,0,0%,0,0%,0.09,0.19,n.a.
KEKGGLEGL,Nef,92-100,KL9,8,3%,7,7%,2,2%,6,4%,0.41,0.18,2.25
IEIKDTKEAL,Gag,92-101,IL10,21,9%,19,20%,4,4%,17,11%,0.41,0.25,2.48
ATDIQTKEL,Pol,920-928,AL9,16,7%,5,5%,4,4%,12,8%,0.34,0.18,n.a.
KIQNFRVYY,Pol,934-942,KYY9,31,13%,14,15%,7,7%,24,16%,0.05,0.13,n.a.
VPRRKAKII,Pol,975-983,VI9,17,7%,11,11%,5,5%,12,8%,0.08,0.09,n.a.
RKAKIIRDY,Pol,978-986,RY9,13,5%,8,8%,3,3%,10,7%,0.41,0.09,n.a.